material,mu_mm_inv,expected_hu,center_x,center_y,radius
air,0.0,-1000.0,192,128,15
fat,0.016,-157.89473684210523,160,183,15
water,0.019,0.0,97,183,15
muscle,0.021,105.26315789473693,64,128,15
liver,0.025,315.78947368421063,96,73,15
bone,0.038,1000.0,160,73,15
